{"rvec": [[-0.020076758500034767], [2.463298612977152], [0.010950157198626844]], "cam_mat": [[-0.7785927382641809, -0.01728467545670182, 0.6272914696667262, -38.24095430143894], [-0.0117070765561742, 0.9998467075749327, 0.013019435858554761, -122.73971290231056], [-0.6274203473595614, 0.0027930889573436262, -0.7786757389140126, -1.0008953583705917], [0.0, 0.0, 0.0, 1.0]], "tvec": [[-38.24095430143894], [-122.73971290231056], [-1.0008953583705917]]}