{"height": 944, "roi": [16, 11, 1262, 944], "width": 1262, "matrix": [[1327.5234628179576, 0.0, 643.2734694727452], [0.0, 1324.996376482148, 463.92717063741514], [0.0, 0.0, 1.0]], "coefs": [[0.07220039040505, -0.2598682552861824, 0.0005104392095116097, 0.00028114650879931347, -0.18395848017364216]]}