{"extrinsic": {"R33_invt": [[25.17205790225134], [-120.90459904337136], [-407.97154450428263]], "roi": [16, 11, 1262, 944], "MRt34_inv": [[0.0006292040370438568, -2.5454588277056846e-06, 0.17543693359561993], [-0.00011176469546696785, -0.0007118734858093624, 0.6278161212378335], [7.194676833842985e-05, 0.00021080929941585578, -0.1752377043731387], [-1.0080556839383814e-06, 5.084558371812884e-07, 0.0022491479316080433]], "MRt34": [[1410.809934405157, 20.040579392319867, 306.1001791807407, -91790.17173151168], [305.9513600147544, -1290.5723335273376, -355.31451649384815, 308695.76794994244], [0.6247493315809626, 0.004876886877070373, -0.7808101489245185, 333.6849107178515]], "M33": [[1292.9365234375, 0.0, 642.4941726541147], [0.0, 1292.9527587890625, 462.28211292681954], [0.0, 0.0, 1.0]], "height": 972, "width": 1296, "r": [[-2.964623333161186], [-0.021920927464693752], [-1.0401183712839295]], "t": [[-236.81037453896354], [119.44690269746565], [333.6849107178515]], "offset": [104.0, 117.0, 217.0], "R33": [[0.780712827889752, 0.01307659555332077, 0.6247531376608856], [0.013257188899881001, -0.9999026045686266, 0.0043621461861957055], [0.6247493315809626, 0.004876886877070373, -0.7808101489245185]], "dist_coef": [0.0, 0.0, 0.0, 0.0]}, "intrinsic": {"dist_coefs": [[0.07220039040505, -0.2598682552861824, 0.0005104392095116097, 0.00028114650879931347, -0.18395848017364216]], "roi": [16, 11, 1262, 944], "matrix": [[1327.5234628179576, 0.0, 643.2734694727452], [0.0, 1324.996376482148, 463.92717063741514], [0.0, 0.0, 1.0]], "width": 1296, "height": 972}}