{"640x480": {"R33_invt": [[31.715549106560957], [-119.95984685258792], [-411.50614730505276]], "roi": [4, 4, 632, 471], "MRt34": [[711.92381826989322, 10.405771886467956, 166.40896683291385, -47147.532801841182], [155.66504276163946, -657.77051681177977, -172.61227569836458, 154874.06531896198], [0.63219869903641102, -0.0033473860415683164, -0.77479907069081988, 339.28666131681075]], "MRt34_inv": [[0.0012414533867744566, -1.2577826671490158e-05, 0.17825521012647128], [-0.00020828946186385121, -0.0014082796211922124, 0.61389093704023379], [0.00015640521126395, 0.00040956168282228457, -0.16522485831106987], [-1.9581077144425643e-06, 9.4482241096347332e-07, 0.0022439613404958533]], "M33": [[656.90545654296875, 0.0, 321.10896673093521], [0.0, 657.090087890625, 234.35288016680715], [0.0, 0.0, 1.0]], "dist_coef": [0.0, 0.0, 0.0, 0.0], "height": 480, "width": 640, "r": [[-2.9508766263080854], [-0.02402874841867373], [-1.051082323333516]], "t": [[-237.62250790903684], [114.68938647227242], [339.28666131681075]], "offset": [104.0, 117.0, 217.0], "R33": [[0.77472205807500549, 0.017476864357229699, 0.63206035466897204], [0.011425308253923447, -0.99984166457441037, 0.013642144713171791], [0.63219869903641102, -0.0033473860415683164, -0.77479907069081988]]}, "1296x972": {"R33_invt": [[30.631614679526251], [-119.41754796146388], [-408.01389426357895]], "roi": [16, 11, 1262, 944], "MRt34_inv": [[0.00062966797385748119, -1.935291862315675e-06, 0.17256270756320044], [-0.00010739797104546064, -0.00071332868305531169, 0.62588547394272631], [7.8707994759382252e-05, 0.0002086305886278622, -0.17023461888229907], [-1.0063419272135543e-06, 5.0217787000281682e-07, 0.0022555518355926642]], "MRt34": [[1407.5317696658117, 26.023790212908963, 320.40707741485414, -90723.265803941002], [314.93032831863741, -1289.3858483431163, -351.75930803597737, 307144.80596852105], [0.63262287169356179, 0.0072604799823044134, -0.77442597298942517, 334.48778838493894]], "M33": [[1292.9365234375, 0.0, 642.49417265411466], [0.0, 1292.9527587890625, 462.28211292681954], [0.0, 0.0, 1.0]], "height": 972, "width": 1296, "r": [[-2.9602096197575025], [-0.028284956306159324], [-1.0554972150625301]], "t": [[-236.38416513492587], [117.96029156436862], [334.48778838493894]], "offset": [104.0, 117.0, 217.0], "R33": [[0.77426481731172025, 0.016519739172360857, 0.63264610240712482], [0.017386629444496916, -0.99983717856864263, 0.0048292306277532195], [0.63262287169356179, 0.0072604799823044134, -0.77442597298942517]], "dist_coef": [0.0, 0.0, 0.0, 0.0]}, "2592x1944": {"roi": [16, 16, 2561, 1911], "MRt34_inv": [[0.00030583883649617474, -2.4143169712711917e-06, 0.17743701834230988], [-5.176765736268035e-05, -0.00034724030466221301, 0.61577331753478848], [3.8459974220525167e-05, 0.0001009836012381334, -0.16584936634106234], [-4.8533799627219659e-07, 2.358177996088581e-07, 0.0022454770044484612]], "M33": [[2661.5498046875, 0.0, 1311.2691519850341], [0.0, 2662.723388671875, 944.95133693068055], [0.0, 0.0, 1.0]], "height": 1944, "offset": [104.0, 117.0, 217.0], "R33_invt": [[31.439177349688805], [-119.84089076793113], [-411.32864103409202]], "dist_coef": [0.0, 0.0, 0.0, 0.0], "MRt34": [[2889.4901569257572, 45.607242659647561, 672.33976843986363, -191175.0223575774], [634.34477606276653, -2662.120441447049, -702.67370383340915, 628003.98263820668], [0.63378621188554662, 0.00022971537345406988, -0.77350823192427387, 338.06427768837426]], "width": 2592, "r": [[-2.9530755266326625], [-0.02525729102283826], [-1.0553231835827113]], "t": [[-238.38302028428123], [115.87748572786315], [338.06427768837426]], "R33": [[0.77339369892740939, 0.017022422010254293, 0.63369742275654306], [0.013312553592346043, -0.99985508168921766, 0.010610915940620086], [0.63378621188554662, 0.00022971537345406988, -0.77350823192427387]]}}