{"640x480": {"dist_coefs": [[0.09521148320026504, -0.40322187298388634, 0.0012973249049557565, 0.0017580111465115087, 0.24347056442386347]], "roi": [4, 4, 632, 471], "matrix": [[663.1750493178773, 0.0, 320.541111766089], [0.0, 664.7697548087638, 234.43153317295827], [0.0, 0.0, 1.0]], "width": 640, "height": 480}, "1296x972": {"height": 972, "dist_coefs": [[0.07220039040504601, -0.2598682552795901, 0.0005104392101216319, 0.00028114650937099175, -0.18395848014449734]], "width": 1296, "matrix": [[1327.5234628179815, 0.0, 643.2734694727293], [0.0, 1324.9963764822762, 463.9271706373955], [0.0, 0.0, 1.0]], "roi": [16, 11, 1262, 944]}, "2592x1944": {"dist_coefs": [[0.09845361107420261, -0.4221523877010525, 0.002008037381085527, 0.0020808595523480774, 0.2811309978746645]], "roi": [16, 16, 2561, 1911], "matrix": [[2683.713903914742, 0.0, 1306.287919758886], [0.0, 2690.002717384908, 942.6467865286564], [0.0, 0.0, 1.0]], "width": 2592, "height": 1944}}
