{"640x480": {"R33_invt": [[19.461745844387892], [-121.72821884876821], [-264.52507870291612]], "roi": [1, 1, 636, 475], "MRt34_inv": [[0.0015368559618578151, -9.6124240407519701e-05, 0.092587034678604019], [-0.0004070969251024608, -0.0015857023403482583, 0.8097804703207796], [0.00030041929485213393, 0.00072262136463886663, -0.36584178534357675], [-3.3538939932226531e-06, 2.5026251157436849e-06, 0.0030980875592551277]], "MRt34": [[618.98775139839518, -13.120846383757087, 75.044310402332087, -6207.3425567951781], [144.0077432929005, -538.32191329349951, -177.91334643124847, 115394.1517390942], [0.62752384998828159, -0.040673097381372356, -0.77753425445139712, 222.84108323202975]], "M33": [[528.81396484375, 0.0, 330.61372037630645], [0.0, 528.56683349609375, 250.59723427557219], [0.0, 0.0, 1.0]], "height": 480, "width": 640, "r": [[-2.9258348887340668], [0.02012098673030557], [-1.033369428499727]], "t": [[-151.05815550923572], [112.66464110941054], [222.84108323202975]], "offset": [104.0, 117.0, 145.0], "R33": [[0.77819381500354101, 0.0006169233084126844, 0.62802388943086052], [-0.025063997807989277, -0.99917231674773543, 0.032038686908863329], [0.62752384998828159, -0.040673097381372356, -0.77753425445139712]], "dist_coef": [0.0, 0.0, 0.0, 0.0]}, "1640x1232": {"roi": [5, 4, 1630, 1221], "MRt34_inv": [[0.0006000893871869966, -3.8482556001941938e-05, 0.093173314177655842], [-0.00015953167985116601, -0.00062017593300941641, 0.81381165567162972], [0.00011763525852890494, 0.00028290489862335677, -0.3681139051164482], [-1.315855479199483e-06, 9.7665893044771556e-07, 0.0031036480739843777]], "M33": [[1352.8106689453125, 0.0, 849.15986300511577], [0.0, 1351.9329833984375, 648.92681025801721], [0.0, 0.0, 1.0]], "height": 1232, "offset": [104.0, 117.0, 145.0], "R33_invt": [[19.418280192884481], [-121.66511886881173], [-264.06590079838304]], "dist_coef": [0.0, 0.0, 0.0, 0.0], "MRt34": [[1585.2837691656673, -35.378753615373043, 191.81473865073542, -15563.887069277058], [372.27507297644223, -1378.5118733803943, -458.19764475813798, 295940.12641953235], [0.62864976646649917, -0.042874528988432165, -0.77650579256412255, 222.47233356286722]], "width": 1640, "r": [[-2.9230490229766057], [0.021083552624140332], [-1.0348843447332441]], "t": [[-151.15083585152883], [112.11492469760425], [222.47233356286722]], "R33": [[0.77724078005277919, 0.00076032483367002336, 0.6292028224103059], [-0.026386378011458864, -0.99908017529634097, 0.033801810384489844], [0.62864976646649917, -0.042874528988432165, -0.77650579256412255]]}, "3280x2464": {"R33_invt": [[19.797885204881766], [-121.75219575757291], [-264.58081749388754]], "roi": [12, 16, 3258, 2432], "MRt34": [[3188.928009263871, -65.885684475388459, 393.98412081522429, -33084.883356995182], [743.46416826515338, -2767.2308035080077, -913.53336076351115, 593338.84815109754], [0.62993006161406107, -0.039335029861403185, -0.77565512497546729, 222.48387636208744]], "MRt34_inv": [[0.00029791396725002364, -1.86513135472714e-05, 0.094043804035853384], [-7.9290282291662873e-05, -0.00030813846343381336, 0.80997232465635927], [5.8781604909642808e-05, 0.00014039865210250819, -0.3656997442002532], [-6.5258480137416657e-07, 4.8780758070634266e-07, 0.0030966845633079777]], "M33": [[2723.799072265625, 0.0, 1705.7974302553921], [0.0, 2718.759521484375, 1285.7663687247768], [0.0, 0.0, 1.0]], "dist_coef": [0.0, 0.0, 0.0, 0.0], "height": 2464, "width": 3280, "r": [[-2.9255154127948435], [0.019777443058959752], [-1.038291740674316]], "t": [[-151.47861387055565], [113.02086849278922], [222.48387636208744]], "offset": [104.0, 117.0, 145.0], "R33": [[0.77626685112395433, 0.00044493310595196227, 0.63040429716225055], [-0.024451857209731122, -0.99922597917604894, 0.030814756508224635], [0.62993006161406107, -0.039335029861403185, -0.77565512497546729]]}}