{
	"640x480" : {"height": 480, "dist_coefs": [[0.2120016782154683, -0.5046739372812643, 0.0026461812710224636, 0.0027366314475506274, 0.3925091377573634]], "width": 640, "matrix": [[515.8724392307311, 0.0, 329.4117077170412], [0.0, 517.0120177054492, 250.35728412584388], [0.0, 0.0, 1.0]], "roi": [1, 1, 636, 475]},
	"1640x1232" : {"height": 1232, "dist_coefs": [[0.21630262837429545, -0.5187916007259992, 0.003399167670962917, 0.00318895678990286, 0.4069693927196603]], "width": 1640, "matrix": [[1318.6986210641965, 0.0, 844.5565019242154], [0.0, 1321.0173801226733, 646.6530488401554], [0.0, 0.0, 1.0]], "roi": [5, 4, 1630, 1221]},
	"3280x2464" : {"height": 2464, "dist_coefs": [[0.2582024420146462, -0.6979253075371686, 0.0017765615079799583, 0.004293508398114884, 0.6394385712885142]], "width": 3280, "matrix": [[2641.9452197194437, 0.0, 1693.958916388781], [0.0, 2646.1439191391796, 1283.548220732382], [0.0, 0.0, 1.0]], "roi": [12, 16, 3258, 2432]}
}
